1539666000000,Bos,Phi
1539666000000,GS,OKC
1539752400000,Cha,Mil
1539752400000,Det,Bkn
1539752400000,Ind,Mem
1539752400000,Orl,Mia
1539752400000,NY,Atl
1539752400000,Tor,Cle
1539752400000,Hou,NO
1539752400000,SA,Min
1539752400000,Sac,Uta
1539752400000,LAC,Den
1539752400000,Pho,Dal
1539838800000,Phi,Chi
1539838800000,Was,Mia
1539838800000,Por,LAL
1539925200000,Orl,Cha
1539925200000,Bkn,NY
1539925200000,Tor,Bos
1539925200000,Mem,Atl
1539925200000,Min,Cle
1539925200000,NO,Sac
1539925200000,Mil,Ind
1539925200000,Uta,GS
1539925200000,LAC,OKC
1540011600000,Ind,Bkn
1540011600000,Was,Tor
1540011600000,NY,Bos
1540011600000,Phi,Orl
1540011600000,Mia,Cha
1540011600000,Chi,Det
1540011600000,Dal,Min
1540011600000,Den,Pho
1540011600000,Por,SA
1540011600000,LAL,Hou
1540098000000,Cle,Atl
1540098000000,OKC,Sac
1540098000000,Den,GS
1540098000000,LAC,Hou
1540184400000,Bos,Orl
1540184400000,Tor,Cha
1540184400000,Mil,NY
1540184400000,Min,Ind
1540184400000,Dal,Chi
1540184400000,Uta,Mem
1540184400000,Por,Was
1540184400000,GS,Pho
1540184400000,LAL,SA
1540270800000,Det,Phi
1540270800000,NO,LAC
1540270800000,Den,Sac
1540357200000,Atl,Dal
1540357200000,Cle,Bkn
1540357200000,Mia,NY
1540357200000,Tor,Min
1540357200000,Chi,Cha
1540357200000,Hou,Uta
1540357200000,SA,Ind
1540357200000,Mil,Phi
1540357200000,Pho,LAL
1540357200000,Sac,Mem
1540357200000,GS,Was
1540443600000,Det,Cle
1540443600000,Orl,Por
1540443600000,OKC,Bos
1540443600000,LAL,Den
1540530000000,Cha,Chi
1540530000000,NY,GS
1540530000000,Tor,Dal
1540530000000,Hou,LAC
1540530000000,Min,Mil
1540530000000,NO,Bkn
1540530000000,Sac,Was
1540616400000,Det,Bos
1540616400000,NO,Uta
1540616400000,Atl,Chi
1540616400000,Cle,Ind
1540616400000,Phi,Cha
1540616400000,Mia,Por
1540616400000,Mem,Pho
1540616400000,Mil,Orl
1540616400000,SA,LAL
1540702800000,Bkn,GS
1540702800000,Dal,Uta
1540702800000,OKC,Pho
1540702800000,LAC,Was
1540789200000,Ind,Por
1540789200000,Phi,Atl
1540789200000,Mia,Sac
1540789200000,NY,Bkn
1540789200000,Chi,GS
1540789200000,Mil,Tor
1540789200000,Min,LAL
1540789200000,SA,Dal
1540789200000,Den,NO
1540875600000,Cha,Mia
1540875600000,Cle,Atl
1540875600000,Orl,Sac
1540875600000,Bos,Det
1540875600000,Tor,Phi
1540875600000,Hou,Por
1540875600000,Mem,Was
1540875600000,OKC,LAC
1540962000000,Bkn,Det
1540962000000,NY,Ind
1540962000000,Chi,Den
1540962000000,Min,Uta
1540962000000,GS,NO
1540962000000,LAL,Dal
1540962000000,Pho,SA
1541048400000,Cha,OKC
1541048400000,Cle,Den
1541048400000,Phi,LAC
1541048400000,Atl,Sac
1541048400000,Bos,Mil
1541048400000,Por,NO
1541134800000,Orl,LAC
1541134800000,Bkn,Hou
1541134800000,Was,OKC
1541134800000,Chi,Ind
1541134800000,Dal,NY
1541134800000,Uta,Mem
1541134800000,Pho,Tor
1541134800000,GS,Min
1541221200000,Phi,Det
1541221200000,Cha,Cle
1541221200000,Ind,Bos
1541221200000,Atl,Mia
1541221200000,Chi,Hou
1541221200000,SA,NO
1541221200000,Den,Uta
1541221200000,Por,LAL
1541307600000,Mil,Sac
1541307600000,Bkn,Phi
1541307600000,Was,NY
1541307600000,SA,Orl
1541307600000,Pho,Mem
1541307600000,Por,Min
1541307600000,LAL,Tor
1541394000000,Det,Mia
1541394000000,Ind,Hou
1541394000000,Orl,Cle
1541394000000,NY,Chi
1541394000000,OKC,NO
1541394000000,Den,Bos
1541394000000,Uta,Tor
1541394000000,GS,Mem
1541394000000,LAC,Min
1541480400000,Cha,Atl
1541480400000,Dal,Was
1541480400000,Pho,Bkn
1541480400000,Por,Mil
1541566800000,Cle,OKC
1541566800000,Orl,Det
1541566800000,Atl,NY
1541566800000,Mia,SA
1541566800000,Ind,Phi
1541566800000,Mem,Den
1541566800000,NO,Chi
1541566800000,Uta,Dal
1541566800000,Sac,Tor
1541566800000,LAL,Min
1541653200000,OKC,Hou
1541653200000,Pho,Bos
1541653200000,Por,LAC
1541653200000,GS,Mil
1541739600000,Orl,Was
1541739600000,Phi,Cha
1541739600000,Atl,Det
1541739600000,Mia,Ind
1541739600000,Den,Bkn
1541739600000,Uta,Bos
1541739600000,Sac,Min
1541826000000,Tor,NY
1541826000000,LAC,Mil
1541826000000,NO,Pho
1541826000000,Mia,Was
1541826000000,Chi,Cle
1541826000000,Mem,Phi
1541826000000,SA,Hou
1541826000000,GS,Bkn
1541826000000,Dal,OKC
1541826000000,Sac,LAL
1541912400000,Det,Cha
1541912400000,Hou,Ind
1541912400000,NY,Orl
1541912400000,Den,Mil
1541912400000,Por,Bos
1541912400000,LAL,Atl
1541998800000,Was,Orl
1541998800000,Mia,Phi
1541998800000,Tor,NO
1541998800000,Chi,Dal
1541998800000,Mem,Uta
1541998800000,Min,Bkn
1541998800000,OKC,Pho
1541998800000,Sac,SA
1541998800000,LAC,GS
1542085200000,Cle,Cha
1542085200000,Den,Hou
1542085200000,GS,Atl
1542171600000,Orl,Phi
1542171600000,Was,Cle
1542171600000,Bos,Chi
1542171600000,Bkn,Mia
1542171600000,Tor,Det
1542171600000,Mil,Mem
1542171600000,Min,NO
1542171600000,OKC,NY
1542171600000,Dal,Uta
1542171600000,Pho,SA
1542171600000,LAL,Por
1542258000000,Hou,GS
1542258000000,Den,Atl
1542258000000,LAC,SA
1542344400000,Bos,Tor
1542344400000,Ind,Mia
1542344400000,Phi,Uta
1542344400000,Was,Bkn
1542344400000,Mem,Sac
1542344400000,Min,Por
1542344400000,NO,NY
1542344400000,Mil,Chi
1542430800000,Bkn,LAC
1542430800000,Cha,Phi
1542430800000,Ind,Atl
1542430800000,Orl,LAL
1542430800000,NO,Den
1542430800000,Bos,Uta
1542430800000,Chi,Tor
1542430800000,Hou,Sac
1542430800000,Dal,GS
1542430800000,Pho,OKC
1542517200000,Min,Mem
1542517200000,Mia,LAL
1542517200000,Orl,NY
1542517200000,Was,Por
1542517200000,SA,GS
1542603600000,Cha,Bos
1542603600000,Det,Cle
1542603600000,Ind,Uta
1542603600000,Phi,Pho
1542603600000,Atl,LAC
1542603600000,Mem,Dal
1542603600000,Mil,Den
1542603600000,NO,SA
1542603600000,Sac,OKC
1542690000000,Orl,Tor
1542690000000,Was,LAC
1542690000000,Mia,Bkn
1542690000000,NY,Por
1542776400000,Cha,Ind
1542776400000,Phi,NO
1542776400000,Atl,Tor
1542776400000,Bos,NY
1542776400000,Cle,LAL
1542776400000,Chi,Pho
1542776400000,Hou,Det
1542776400000,Mil,Por
1542776400000,Min,Den
1542776400000,Dal,Bkn
1542776400000,SA,Mem
1542776400000,Uta,Sac
1542776400000,GS,OKC
1542949200000,Bkn,Min
1542949200000,LAC,Mem
1542949200000,Det,Hou
1542949200000,Atl,Bos
1542949200000,NY,NO
1542949200000,Phi,Cle
1542949200000,Tor,Was
1542949200000,Ind,SA
1542949200000,Chi,Mia
1542949200000,OKC,Cha
1542949200000,Mil,Pho
1542949200000,Den,Orl
1542949200000,GS,Por
1542949200000,LAL,Uta
1543035600000,Cle,Hou
1543035600000,Was,NO
1543035600000,Min,Chi
1543035600000,OKC,Den
1543035600000,Dal,Bos
1543035600000,Mil,SA
1543035600000,GS,Sac
1543122000000,LAL,Orl
1543122000000,Det,Pho
1543122000000,Atl,Cha
1543122000000,Bkn,Phi
1543122000000,Tor,Mia
1543122000000,Mem,NY
1543122000000,Sac,Uta
1543122000000,Por,LAC
1543208400000,Cha,Mil
1543208400000,Cle,Min
1543208400000,Was,Hou
1543208400000,Chi,SA
1543208400000,NO,Bos
1543208400000,Uta,Ind
1543208400000,GS,Orl
1543294800000,Det,NY
1543294800000,Mia,Atl
1543294800000,Mem,Tor
1543294800000,Den,LAL
1543294800000,Pho,Ind
1543381200000,Cha,Atl
1543381200000,Phi,NY
1543381200000,Bkn,Uta
1543381200000,Hou,Dal
1543381200000,Mil,Chi
1543381200000,Min,SA
1543381200000,NO,Was
1543381200000,OKC,Cle
1543381200000,Por,Orl
1543381200000,LAC,Pho
1543467600000,Tor,GS
1543467600000,LAL,Ind
1543467600000,Sac,LAC
1543554000000,Bos,Cle
1543554000000,Cha,Uta
1543554000000,Det,Chi
1543554000000,Phi,Was
1543554000000,Bkn,Mem
1543554000000,Mia,NO
1543554000000,OKC,Atl
1543554000000,SA,Hou
1543554000000,Pho,Orl
1543554000000,LAL,Dal
1543554000000,Por,Den
1543640400000,NY,Mil
1543640400000,Det,GS
1543640400000,Was,Bkn
1543640400000,Cle,Tor
1543640400000,Hou,Chi
1543640400000,Min,Bos
1543640400000,Sac,Ind
1543726800000,LAL,Pho
1543726800000,Cha,NO
1543726800000,Mia,Uta
1543726800000,Phi,Mem
1543726800000,Dal,LAC
1543726800000,SA,Por
1543813200000,Det,OKC
1543813200000,Atl,GS
1543813200000,Bkn,Cle
1543813200000,NY,Was
1543813200000,Tor,Den
1543813200000,Min,Hou
1543813200000,NO,LAC
1543899600000,Ind,Chi
1543899600000,Mia,Orl
1543899600000,Dal,Por
1543899600000,Pho,Sac
1543899600000,Uta,SA
1543986000000,Cle,GS
1543986000000,Orl,Den
1543986000000,Atl,Was
1543986000000,Bkn,OKC
1543986000000,Tor,Phi
1543986000000,Mem,LAC
1543986000000,Mil,Det
1543986000000,Min,Cha
1543986000000,NO,Dal
1543986000000,LAL,SA
1544072400000,Bos,NY
1544072400000,Por,Pho
1544072400000,Uta,Hou
1544158800000,Cha,Den
1544158800000,Det,Phi
1544158800000,Orl,Ind
1544158800000,Bkn,Tor
1544158800000,Cle,Sac
1544158800000,Chi,OKC
1544158800000,NO,Mem
1544158800000,SA,LAL
1544158800000,Pho,Mia
1544158800000,Mil,GS
1544245200000,Dal,Hou
1544245200000,Ind,Sac
1544245200000,Atl,Den
1544245200000,Cle,Was
1544245200000,NY,Bkn
1544245200000,Chi,Bos
1544245200000,Mem,LAL
1544245200000,Por,Min
1544245200000,LAC,Mia
1544331600000,Det,NO
1544331600000,Tor,Mil
1544331600000,SA,Uta
1544331600000,NY,Cha
1544418000000,Ind,Was
1544418000000,Phi,Det
1544418000000,Bos,NO
1544418000000,Chi,Sac
1544418000000,Mil,Cle
1544418000000,OKC,Uta
1544418000000,Dal,Orl
1544418000000,Den,Mem
1544418000000,Pho,LAC
1544418000000,GS,Min
1544418000000,LAL,Mia
1544504400000,Hou,Por
1544504400000,SA,Pho
1544504400000,LAC,Tor
1544590800000,Cha,Det
1544590800000,Cle,NY
1544590800000,Ind,Mil
1544590800000,Phi,Bkn
1544590800000,Was,Bos
1544590800000,Mem,Por
1544590800000,NO,OKC
1544590800000,Dal,Atl
1544590800000,Uta,Mia
1544590800000,Sac,Min
1544590800000,GS,Tor
1544677200000,Hou,LAL
1544677200000,SA,LAC
1544677200000,Orl,Chi
1544677200000,Pho,Dal
1544763600000,Bos,Atl
1544763600000,Cha,NY
1544763600000,Bkn,Was
1544763600000,Cle,Mil
1544763600000,Phi,Ind
1544763600000,Mem,Mia
1544763600000,Den,OKC
1544763600000,Por,Tor
1544763600000,Sac,GS
1544850000000,Orl,Uta
1544850000000,Cha,LAL
1544850000000,Det,Bos
1544850000000,Mem,Hou
1544850000000,SA,Chi
1544850000000,OKC,LAC
1544850000000,Pho,Min
1544936400000,Bkn,Atl
1544936400000,Cle,Phi
1544936400000,Ind,NY
1544936400000,Was,LAL
1544936400000,Dal,Sac
1544936400000,NO,Mia
1544936400000,Den,Tor
1545022800000,Det,Mil
1545022800000,NY,Pho
1545022800000,Hou,Uta
1545022800000,Min,Sac
1545022800000,OKC,Chi
1545022800000,SA,Phi
1545022800000,GS,Mem
1545022800000,LAC,Por
1545109200000,Ind,Cle
1545109200000,Atl,Was
1545109200000,Bkn,LAL
1545109200000,Den,Dal
1545195600000,Cha,Cle
1545195600000,Orl,SA
1545195600000,Phi,NY
1545195600000,Bos,Pho
1545195600000,Tor,Ind
1545195600000,Chi,Bkn
1545195600000,Hou,Was
1545195600000,Mil,NO
1545195600000,Min,Det
1545195600000,Uta,GS
1545195600000,Por,Mem
1545195600000,Sac,OKC
1545282000000,Mia,Hou
1545282000000,LAC,Dal
1545368400000,Cha,Det
1545368400000,Tor,Cle
1545368400000,Bkn,Ind
1545368400000,NY,Atl
1545368400000,Bos,Mil
1545368400000,Chi,Orl
1545368400000,SA,Min
1545368400000,Por,Uta
1545368400000,Sac,Mem
1545368400000,LAL,NO
1545454800000,LAC,Den
1545454800000,Was,Pho
1545454800000,Phi,Tor
1545454800000,Mia,Mil
1545454800000,Hou,SA
1545454800000,GS,Dal
1545454800000,Uta,OKC
1545541200000,Det,Atl
1545541200000,Ind,Was
1545541200000,Bos,Cha
1545541200000,Bkn,Pho
1545541200000,Cle,Chi
1545541200000,Orl,Mia
1545541200000,Sac,NO
1545541200000,OKC,Min
1545541200000,GS,LAC
1545541200000,Por,Dal
1545541200000,LAL,Mem
1545714000000,NY,Mil
1545714000000,Hou,OKC
1545714000000,Bos,Phi
1545714000000,GS,LAL
1545714000000,Uta,Por
1545800400000,Det,Was
1545800400000,Orl,Pho
1545800400000,Atl,Ind
1545800400000,Bkn,Cha
1545800400000,Mia,Tor
1545800400000,Chi,Min
1545800400000,Mem,Cle
1545800400000,Dal,NO
1545800400000,SA,Den
1545800400000,LAC,Sac
1545886800000,Hou,Bos
1545886800000,Mil,NY
1545886800000,Sac,LAL
1545886800000,Uta,Phi
1545886800000,GS,Por
1545973200000,Cha,Bkn
1545973200000,Ind,Det
1545973200000,Orl,Tor
1545973200000,Was,Chi
1545973200000,Mia,Cle
1545973200000,Min,Atl
1545973200000,NO,Dal
1545973200000,Den,SA
1545973200000,Pho,OKC
1545973200000,LAL,LAC
1546059600000,Mil,Bkn
1546059600000,NO,Hou
1546059600000,Was,Cha
1546059600000,Atl,Cle
1546059600000,Mem,Bos
1546059600000,Uta,NY
1546059600000,Pho,Den
1546059600000,Por,GS
1546059600000,LAC,SA
1546146000000,Orl,Det
1546146000000,Mia,Min
1546146000000,Tor,Chi
1546146000000,Dal,OKC
1546146000000,Por,Phi
1546146000000,LAL,Sac
1546232400000,Ind,Atl
1546232400000,Cha,Orl
1546232400000,Hou,Mem
1546232400000,SA,Bos
1546232400000,NO,Min
1546232400000,OKC,Dal
1546232400000,Pho,GS
1546318800000,Tor,Uta
1546318800000,Mil,Det
1546318800000,Den,NY
1546318800000,Sac,Por
1546318800000,LAC,Phi
1546405200000,Cha,Dal
1546405200000,Cle,Mia
1546405200000,Was,Atl
1546405200000,Bkn,NO
1546405200000,Bos,Min
1546405200000,Chi,Orl
1546405200000,Mem,Det
1546405200000,Pho,Phi
1546405200000,LAL,OKC
1546491600000,SA,Tor
1546491600000,Sac,Den
1546491600000,GS,Hou
1546578000000,Bos,Dal
1546578000000,Cle,Uta
1546578000000,Mia,Was
1546578000000,Chi,Ind
1546578000000,Mem,Bkn
1546578000000,Min,Orl
1546578000000,Mil,Atl
1546578000000,Pho,LAC
1546578000000,LAL,NY
1546578000000,Por,OKC
1546664400000,Den,Cha
1546664400000,Det,Uta
1546664400000,Phi,Dal
1546664400000,Cle,NO
1546664400000,Mil,Tor
1546664400000,SA,Mem
1546664400000,Por,Hou
1546664400000,Sac,GS
1546750800000,Chi,Bkn
1546750800000,Min,LAL
1546750800000,LAC,Orl
1546750800000,Atl,Mia
1546750800000,OKC,Was
1546750800000,Tor,Ind
1546750800000,Pho,Cha
1546837200000,Det,SA
1546837200000,Bos,Bkn
1546837200000,Hou,Den
1546837200000,Mil,Uta
1546837200000,NO,Mem
1546837200000,Dal,LAL
1546837200000,Por,NY
1546837200000,Sac,Orl
1546923600000,Cle,Ind
1546923600000,Phi,Was
1546923600000,Mia,Den
1546923600000,Tor,Atl
1546923600000,OKC,Min
1546923600000,Pho,Sac
1546923600000,GS,NY
1546923600000,LAC,Cha
1547010000000,Bos,Ind
1547010000000,Was,Phi
1547010000000,Bkn,Atl
1547010000000,Hou,Mil
1547010000000,Mem,SA
1547010000000,NO,Cle
1547010000000,Dal,Pho
1547010000000,Uta,Orl
1547010000000,Por,Chi
1547010000000,LAL,Det
1547096400000,Mia,Bos
1547096400000,Den,LAC
1547096400000,SA,OKC
1547096400000,Sac,Det
1547182800000,Phi,Atl
1547182800000,Was,Mil
1547182800000,NY,Ind
1547182800000,Tor,Bkn
1547182800000,Hou,Cle
1547182800000,Min,Dal
1547182800000,Uta,LAL
1547182800000,Por,Cha
1547182800000,GS,Chi
1547269200000,LAC,Det
1547269200000,Mia,Mem
1547269200000,Orl,Bos
1547269200000,Min,NO
1547269200000,OKC,SA
1547269200000,Pho,Den
1547269200000,Sac,Cha
1547269200000,Uta,Chi
1547355600000,NY,Phi
1547355600000,Was,Tor
1547355600000,Atl,Mil
1547355600000,Orl,Hou
1547355600000,Dal,GS
1547355600000,Den,Por
1547355600000,LAL,Cle
1547442000000,Bkn,Bos
1547442000000,Hou,Mem
1547442000000,SA,Cha
1547442000000,Uta,Det
1547442000000,Sac,Por
1547442000000,LAC,NO
1547528400000,Ind,Pho
1547528400000,Phi,Min
1547528400000,Atl,OKC
1547528400000,Mil,Mia
1547528400000,Den,GS
1547528400000,LAL,Chi
1547614800000,Det,Orl
1547614800000,Bos,Tor
1547614800000,Hou,Bkn
1547614800000,Mem,Mil
1547614800000,Dal,SA
1547614800000,Por,Cle
1547614800000,GS,NO
1547614800000,LAC,Uta
1547701200000,Was,NY
1547701200000,Cha,Sac
1547701200000,Ind,Phi
1547701200000,Tor,Pho
1547701200000,Den,Chi
1547701200000,OKC,LAL
1547787600000,Bos,Mem
1547787600000,Det,Mia
1547787600000,Orl,Bkn
1547787600000,Min,SA
1547787600000,Uta,Cle
1547787600000,LAC,GS
1547787600000,Por,NO
1547874000000,Phi,OKC
1547874000000,Cha,Pho
1547874000000,Det,Sac
1547874000000,Ind,Dal
1547874000000,Orl,Mil
1547874000000,Atl,Bos
1547874000000,Tor,Mem
1547874000000,Chi,Mia
1547874000000,Hou,LAL
1547874000000,Den,Cle
1547960400000,Ind,Cha
1547960400000,Min,Pho
1547960400000,SA,LAC
1548046800000,NY,OKC
1548046800000,Cle,Chi
1548046800000,Was,Det
1548046800000,Mil,Dal
1548046800000,Atl,Orl
1548046800000,Bkn,Sac
1548046800000,Mem,NO
1548046800000,Bos,Mia
1548046800000,Phi,Hou
1548046800000,Uta,Por
1548046800000,LAL,GS
1548133200000,Tor,Sac
1548133200000,OKC,Por
1548133200000,Dal,LAC
1548133200000,Pho,Min
1548219600000,Ind,Tor
1548219600000,Bos,Cle
1548219600000,Bkn,Orl
1548219600000,Mia,LAC
1548219600000,NY,Hou
1548219600000,Phi,SA
1548219600000,Chi,Atl
1548219600000,Mem,Cha
1548219600000,NO,Det
1548219600000,Uta,Den
1548306000000,Was,GS
1548306000000,OKC,NO
1548306000000,Pho,Por
1548306000000,LAL,Min
1548392400000,Orl,Was
1548392400000,Bkn,NY
1548392400000,Cle,Mia
1548392400000,Chi,LAC
1548392400000,Hou,Tor
1548392400000,Mem,Sac
1548392400000,Dal,Det
1548392400000,Mil,Cha
1548392400000,Den,Pho
1548392400000,Uta,Min
1548478800000,NO,SA
1548478800000,Mem,Ind
1548478800000,Bos,GS
1548478800000,Den,Phi
1548478800000,Por,Atl
1548565200000,Chi,Cle
1548565200000,LAC,Sac
1548565200000,OKC,Mil
1548565200000,Hou,Orl
1548565200000,Dal,Tor
1548565200000,Min,Uta
1548565200000,SA,Was
1548565200000,NY,Mia
1548565200000,LAL,Pho
1548651600000,Cha,NY
1548651600000,Ind,GS
1548651600000,Bos,Bkn
1548651600000,Mem,Den
1548651600000,LAC,Atl
1548738000000,Cle,Was
1548738000000,Det,Mil
1548738000000,Orl,OKC
1548738000000,Bkn,Chi
1548738000000,Hou,NO
1548738000000,SA,Pho
1548738000000,LAL,Phi
1548824400000,Bos,Cha
1548824400000,Mia,Chi
1548824400000,NY,Dal
1548824400000,Was,Ind
1548824400000,Min,Mem
1548824400000,NO,Den
1548824400000,Sac,Atl
1548824400000,Por,Uta
1548910800000,Det,Dal
1548910800000,Orl,Ind
1548910800000,Tor,Mil
1548910800000,SA,Bkn
1548910800000,GS,Phi
1548910800000,LAC,LAL
1548997200000,Cha,Mem
1548997200000,NY,Bos
1548997200000,Mia,OKC
1548997200000,Uta,Atl
1548997200000,Den,Hou
1549083600000,Det,LAC
1549083600000,Cha,Chi
1549083600000,Orl,Bkn
1549083600000,Was,Mil
1549083600000,Cle,Dal
1549083600000,Mia,Ind
1549083600000,SA,NO
1549083600000,GS,LAL
1549083600000,Min,Den
1549083600000,Pho,Atl
1549083600000,Uta,Hou
1549083600000,Sac,Phi
1549170000000,NY,Mem
1549170000000,Bos,OKC
1549170000000,Tor,LAC
1549256400000,Det,Den
1549256400000,Was,Atl
1549256400000,Bkn,Mil
1549256400000,NO,Ind
1549256400000,Pho,Hou
1549256400000,Sac,SA
1549342800000,Cha,LAC
1549342800000,Cle,Bos
1549342800000,Ind,LAL
1549342800000,NY,Det
1549342800000,Phi,Tor
1549342800000,Mem,Min
1549342800000,OKC,Orl
1549342800000,Por,Mia
1549429200000,Bkn,Den
1549429200000,Chi,NO
1549429200000,Mil,Was
1549429200000,Dal,Cha
1549429200000,Uta,Pho
1549429200000,Sac,Hou
1549429200000,GS,SA
1549515600000,Ind,LAC
1549515600000,Orl,Min
1549515600000,Atl,Tor
1549515600000,Bos,LAL
1549515600000,OKC,Mem
1549515600000,Por,SA
1549602000000,Det,NY
1549602000000,Phi,Den
1549602000000,Was,Cle
1549602000000,Bkn,Chi
1549602000000,Dal,Mil
1549602000000,Pho,GS
1549602000000,NO,Min
1549602000000,Sac,Mia
1549688400000,Uta,SA
1549688400000,Ind,Cle
1549688400000,Atl,Cha
1549688400000,NY,Tor
1549688400000,Bos,LAC
1549688400000,Chi,Was
1549688400000,Mem,NO
1549688400000,Hou,OKC
1549688400000,Mil,Orl
1549774800000,Dal,Por
1549774800000,Phi,LAL
1549774800000,Sac,Pho
1549774800000,Atl,Orl
1549774800000,GS,Mia
1549861200000,Cle,NY
1549861200000,Det,Was
1549861200000,Ind,Cha
1549861200000,Tor,Bkn
1549861200000,Chi,Mil
1549861200000,Hou,Dal
1549861200000,Min,LAC
1549861200000,OKC,Por
1549861200000,Den,Mia
1549947600000,Atl,LAL
1549947600000,Phi,Bos
1549947600000,Mem,SA
1549947600000,NO,Orl
1549947600000,GS,Uta
1550034000000,Cle,Bkn
1550034000000,Ind,Mil
1550034000000,Bos,Det
1550034000000,NY,Phi
1550034000000,Tor,Was
1550034000000,Chi,Mem
1550034000000,Dal,Mia
1550034000000,Den,Sac
1550034000000,Min,Hou
1550034000000,Por,GS
1550034000000,LAC,Pho
1550120400000,Orl,Cha
1550120400000,Atl,NY
1550120400000,NO,OKC
1550206800000,o,o
1550293200000,o,o
1550379600000,o,o
1550466000000,o,o
1550552400000,o,o
1550638800000,o,o
1550725200000,Cle,Pho
1550725200000,Phi,Mia
1550725200000,Bkn,Por
1550725200000,Mil,Bos
1550725200000,GS,Sac
1550725200000,LAL,Hou
1550811600000,Cha,Was
1550811600000,Ind,NO
1550811600000,Orl,Chi
1550811600000,Tor,SA
1550811600000,Atl,Det
1550811600000,NY,Min
1550811600000,Mem,LAC
1550811600000,Dal,Den
1550811600000,OKC,Uta
1550898000000,Phi,Por
1550898000000,Atl,Pho
1550898000000,Cha,Bkn
1550898000000,Cle,Mem
1550898000000,Was,Ind
1550898000000,NO,LAL
1550898000000,Mia,Det
1550898000000,Chi,Bos
1550898000000,OKC,Sac
1550898000000,Mil,Min
1550898000000,GS,Hou
1550898000000,Uta,Dal
1550984400000,Tor,Orl
1550984400000,Den,LAC
1550984400000,NY,SA
1551070800000,Cha,GS
1551070800000,Cle,Por
1551070800000,Det,Ind
1551070800000,Bkn,SA
1551070800000,Mia,Pho
1551070800000,Chi,Mil
1551070800000,Hou,Atl
1551070800000,Mem,LAL
1551070800000,Min,Sac
1551070800000,NO,Phi
1551070800000,LAC,Dal
1551157200000,NY,Orl
1551157200000,Tor,Bos
1551157200000,Den,OKC
1551243600000,Cha,Hou
1551243600000,Atl,Min
1551243600000,Bos,Por
1551243600000,Bkn,Was
1551243600000,Mia,GS
1551243600000,Mem,Chi
1551243600000,SA,Det
1551243600000,Dal,Ind
1551243600000,Uta,LAC
1551243600000,Sac,Mil
1551243600000,LAL,NO
1551330000000,Ind,Min
1551330000000,Orl,GS
1551330000000,NY,Cle
1551330000000,Hou,Mia
1551330000000,Den,Uta
1551330000000,OKC,Phi
1551416400000,Atl,Chi
1551416400000,Bkn,Cha
1551416400000,Tor,Por
1551416400000,Bos,Was
1551416400000,Pho,NO
1551416400000,Sac,LAC
1551416400000,LAL,Mil
1551502800000,Cle,Det
1551502800000,Ind,Orl
1551502800000,Mia,Bkn
1551502800000,Phi,GS
1551502800000,Dal,Mem
1551502800000,SA,OKC
1551502800000,Den,NO
1551502800000,Pho,LAL
1551502800000,Uta,Mil
1551589200000,Cha,Por
1551589200000,Bos,Hou
1551589200000,Chi,Atl
1551589200000,LAC,NY
1551589200000,Cle,Orl
1551589200000,Det,Tor
1551589200000,Was,Min
1551589200000,OKC,Mem
1551675600000,Bkn,Dal
1551675600000,Mia,Atl
1551675600000,SA,Den
1551675600000,Pho,Mil
1551675600000,Uta,NO
1551675600000,Sac,NY
1551675600000,LAL,LAC
1551762000000,Ind,Chi
1551762000000,Phi,Orl
1551762000000,Tor,Hou
1551762000000,Mem,Por
1551762000000,Min,OKC
1551762000000,GS,Bos
1551848400000,Cha,Mia
1551848400000,Det,Min
1551848400000,Was,Dal
1551848400000,Atl,SA
1551848400000,Bkn,Cle
1551848400000,Chi,Phi
1551848400000,NO,Uta
1551848400000,Pho,NY
1551848400000,Sac,Bos
1551848400000,LAL,Den
1551934800000,Mil,Ind
1551934800000,Por,OKC
1552021200000,Cha,Was
1552021200000,Orl,Dal
1552021200000,Mia,Cle
1552021200000,Chi,Det
1552021200000,Hou,Phi
1552021200000,Mem,Uta
1552021200000,NO,Tor
1552021200000,GS,Den
1552021200000,LAC,OKC
1552107600000,NY,Sac
1552107600000,Atl,Bkn
1552107600000,Min,Was
1552107600000,LAL,Bos
1552107600000,Mil,Cha
1552107600000,Por,Pho
1552194000000,Det,Chi
1552194000000,Mia,Tor
1552194000000,Phi,Ind
1552194000000,Atl,NO
1552194000000,Mem,Orl
1552194000000,Dal,Hou
1552194000000,Min,NY
1552194000000,SA,Mil
1552194000000,GS,Pho
1552280400000,Cle,Tor
1552280400000,Was,Sac
1552280400000,Bkn,Det
1552280400000,Hou,Cha
1552280400000,Uta,OKC
1552280400000,LAC,Bos
1552366800000,Ind,NY
1552366800000,Phi,Cle
1552366800000,Chi,LAL
1552366800000,NO,Mil
1552366800000,Dal,SA
1552366800000,Den,Min
1552366800000,LAC,Por
1552453200000,Mia,Det
1552453200000,Was,Orl
1552453200000,Atl,Mem
1552453200000,OKC,Bkn
1552453200000,Hou,GS
1552453200000,Pho,Uta
1552539600000,Ind,OKC
1552539600000,Orl,Cle
1552539600000,Bos,Sac
1552539600000,Tor,LAL
1552539600000,Uta,Min
1552539600000,Den,Dal
1552626000000,Det,LAL
1552626000000,Phi,Sac
1552626000000,Was,Cha
1552626000000,Mia,Mil
1552626000000,Hou,Pho
1552626000000,NO,Por
1552626000000,SA,NY
1552626000000,LAC,Chi
1552712400000,Bos,Atl
1552712400000,Was,Mem
1552712400000,NO,Pho
1552712400000,Dal,Cle
1552712400000,OKC,GS
1552712400000,SA,Por
1552712400000,Den,Ind
1552712400000,Uta,Bkn
1552798800000,NY,LAL
1552798800000,Mia,Cha
1552798800000,Mil,Phi
1552798800000,Det,Tor
1552798800000,Orl,Atl
1552798800000,Sac,Chi
1552798800000,Hou,Min
1552798800000,LAC,Bkn
1552885200000,Cle,Det
1552885200000,Was,Uta
1552885200000,Bos,Den
1552885200000,Tor,NY
1552885200000,OKC,Mia
1552885200000,SA,GS
1552885200000,Dal,NO
1552885200000,Pho,Chi
1552885200000,Por,Ind
1552971600000,Cha,Phi
1552971600000,Atl,Hou
1552971600000,Mil,LAL
1552971600000,Min,GS
1552971600000,Sac,Bkn
1552971600000,LAC,Ind
1553058000000,Cle,Mil
1553058000000,Orl,NO
1553058000000,Phi,Bos
1553058000000,NY,Uta
1553058000000,Chi,Was
1553058000000,Mem,Hou
1553058000000,SA,Mia
1553058000000,OKC,Tor
1553058000000,Por,Dal
1553144400000,Cha,Min
1553144400000,Was,Den
1553144400000,Atl,Uta
1553144400000,Pho,Det
1553144400000,Sac,Dal
1553144400000,GS,Ind
1553230800000,Orl,Mem
1553230800000,Cle,LAC
1553230800000,NY,Den
1553230800000,Tor,OKC
1553230800000,Hou,SA
1553230800000,Mil,Mia
1553230800000,LAL,Bkn
1553317200000,Cha,Bos
1553317200000,Was,Mia
1553317200000,Atl,Phi
1553317200000,Chi,Uta
1553317200000,Mem,Min
1553317200000,GS,Dal
1553317200000,Por,Det
1553317200000,Sac,Pho
1553403600000,NY,LAC
1553403600000,Mil,Cle
1553403600000,Ind,Den
1553403600000,Tor,Cha
1553403600000,NO,Hou
1553403600000,Bos,SA
1553403600000,GS,Det
1553403600000,LAL,Sac
1553490000000,Orl,Phi
1553490000000,Mem,OKC
1553490000000,Uta,Pho
1553490000000,Por,Bkn
1553576400000,Cha,SA
1553576400000,Cle,Bos
1553576400000,Mia,Orl
1553576400000,Tor,Chi
1553576400000,Mil,Hou
1553576400000,Min,LAC
1553576400000,NO,Atl
1553576400000,Dal,Sac
1553576400000,Den,Det
1553576400000,LAL,Was
1553662800000,Chi,Por
1553662800000,Mem,GS
1553662800000,OKC,Ind
1553662800000,Pho,Was
1553662800000,Uta,LAL
1553749200000,Det,Orl
1553749200000,Phi,Bkn
1553749200000,Mia,Dal
1553749200000,NY,Tor
1553749200000,Hou,Den
1553749200000,Mil,LAC
1553749200000,NO,Sac
1553749200000,SA,Cle
1553835600000,Bos,Ind
1553835600000,Atl,Por
1553835600000,Min,GS
1553835600000,OKC,Den
1553835600000,Uta,Was
1553835600000,LAL,Cha
1553922000000,LAC,Cle
1553922000000,Bkn,Bos
1553922000000,Hou,Sac
1553922000000,Det,Por
1553922000000,Ind,Orl
1553922000000,NY,Mia
1553922000000,Chi,Tor
1553922000000,Min,Phi
1553922000000,Pho,Mem
1554008400000,Atl,Mil
1554008400000,OKC,Dal
1554008400000,NO,LAL
1554008400000,SA,Sac
1554008400000,Den,Was
1554008400000,GS,Cha
1554008400000,LAC,Mem
1554094800000,Ind,Det
1554094800000,Bos,Mia
1554094800000,Bkn,Mil
1554094800000,NY,Chi
1554094800000,Tor,Orl
1554094800000,Min,Por
1554094800000,Dal,Phi
1554094800000,Uta,Cha
1554094800000,Pho,Cle
1554181200000,OKC,LAL
1554181200000,SA,Atl
1554181200000,Sac,Hou
1554181200000,GS,Den
1554267600000,Det,Ind
1554267600000,Orl,NY
1554267600000,Was,Chi
1554267600000,Atl,Phi
1554267600000,Bkn,Tor
1554267600000,Mia,Bos
1554267600000,NO,Cha
1554267600000,Dal,Min
1554267600000,Den,SA
1554267600000,Pho,Uta
1554267600000,Por,Mem
1554267600000,LAC,Hou
1554354000000,Phi,Mil
1554354000000,Sac,Cle
1554354000000,LAL,GS
1554440400000,Cha,Tor
1554440400000,Orl,Atl
1554440400000,Was,SA
1554440400000,Ind,Bos
1554440400000,Hou,NY
1554440400000,Min,Mia
1554440400000,OKC,Det
1554440400000,Dal,Mem
1554440400000,Uta,Sac
1554440400000,Pho,NO
1554440400000,Den,Por
1554440400000,GS,Cle
1554440400000,LAC,LAL
1554526800000,Mil,Bkn
1554526800000,Chi,Phi
1554613200000,Tor,Mia
1554613200000,Cle,SA
1554613200000,Min,OKC
1554613200000,Det,Cha
1554613200000,Ind,Bkn
1554613200000,Mem,Dal
1554613200000,Mil,Atl
1554613200000,Hou,Pho
1554613200000,Bos,Orl
1554613200000,NY,Was
1554613200000,GS,LAC
1554613200000,Por,Den
1554613200000,Sac,NO
1554613200000,LAL,Uta
1554786000000,Cle,Cha
1554786000000,Det,Mem
1554786000000,Was,Bos
1554786000000,Mia,Phi
1554786000000,Chi,NY
1554786000000,Min,Tor
1554786000000,NO,GS
1554786000000,Dal,Pho
1554786000000,Uta,Den
1554786000000,OKC,Hou
1554786000000,LAL,Por
1554872400000,Atl,Ind
1554872400000,Bkn,Mia
1554872400000,Cha,Orl
1554872400000,NY,Det
1554872400000,Phi,Chi
1554872400000,Mem,GS
1554872400000,Mil,OKC
1554872400000,SA,Dal
1554872400000,Den,Min
1554872400000,LAC,Uta
1554872400000,Por,Sac
